2023-11-27 10:34:13,peachescd_,910306322023591946,https://www.tiktok.com/@hoppingpeaches_/video/7306181123816590634,37,0,2,Share
2023-11-27 10:38:26,peachescd_,910306322023591946,https://www.tiktok.com/@hoppingpeaches_/video/7306182209398918443,79,2,9,1
2023-11-27 10:43:39,peachescd_,910306322023591946,https://www.tiktok.com/@hoppingpeaches_/video/7306183555162361134,24,4,1,Share
2023-11-28 07:04:45,mannersontop,1170455955188756625,https://www.tiktok.com/@b00mernafan/video/7306498228256509216,4,1,0,Share
2023-11-28 07:58:47,mannersontop,1170455955188756625,https://www.tiktok.com/@b00mernafan/video/7306512152343432480,4,0,0,Share
2023-11-28 08:13:21,wonderlandadventure,583007672505204772,https://www.tiktok.com/@thelibrarysys/video/7306515907847802154,4,0,0,Share
2023-11-28 08:21:57,wonderlandadventure,583007672505204772,https://www.tiktok.com/@thelibrarysys/video/7306518123262348586,7,2,0,Share
2023-11-28 08:21:57,wonderlandadventure,583007672505204772,https://www.tiktok.com/@thelibrarysys/video/7306518123262348586,7,2,0,Share
2023-11-28 08:51:23,ohhkaythen,620446157729955860,https://www.tiktok.com/@boomer_whistle/video/7306525707356736798,9,0,0,Share
2023-11-28 09:18:02,wonderlandadventure,583007672505204772,https://www.tiktok.com/@thelibrarysys/video/7306532575743528238,3,0,0,Share
2023-11-28 09:18:02,peachescd_,910306322023591946,https://www.tiktok.com/@hoppingpeaches_/video/7306670257278700842,29,0,5,Share
2023-11-28 09:18:02,wonderlandadventure,583007672505204772,https://www.tiktok.com/@thelibrarysys/video/7306959199810899242,2,0,0,Share
2023-11-28 09:18:02,wonderlandadventure,583007672505204772,https://www.tiktok.com/@thelibrarysys/video/7306958886882250027,6,0,0,Share
2023-12-02 18:58:13,rh56,656624949326381080,https://www.tiktok.com/@boomer._.fan/video/7308166427003931934,5,0,1,Share
2023-11-28 09:18:02,wonderlandadventure,583007672505204772,https://www.tiktok.com/@librarysys2/video/7307367499333438766,9,0,0,Share
2023-11-29 09:18:02,imsorryidk,812469978716045332,https://www.tiktok.com/@nickolasislesbian/video/7307720034774764831,81,2,4,Share
2023-12-01 21:40:19,zozquity,699069743222751273,https://www.tiktok.com/@nickolasislesbian/video/7307720034774764831,81,2,4,Share
2023-12-01 21:40:19,inadequatelijah.,1163204607632228472,https://www.tiktok.com/@inadequatelijah/video/7307758985250131246,30,5,2,1
2023-12-02 21:40:19,xane09,502969765833342976,https://www.tiktok.com/@rikinishimurashairstrand/video/7308132823687318827,10,0,0,1
2023-12-02 21:40:19,inadequatelijah.,1163204607632228472,https://www.tiktok.com/@inadequatelijah/video/7308208200220740907,12,3,0,Share
2023-12-03 07:12:57,rh56,656624949326381080,https://www.tiktok.com/@boomer._.fan/video/7308355769424989470,3,0,0,Share
2023-12-03 11:31:59,zozquity,699069743222751273,https://www.tiktok.com/@zozquity/video/7308422519193603359,48,1,4,Share
